"","board.size","runtime_dec","assignment_dec","pruning_dec","runtime_inc","assignment_inc","pruning_inc","runtime_dec_lcv","assignment_dec_lcv","pruning_dec_lcv"
"1",1,0.000212193,1,0,0.000374317,1,0,0.000259876,1,0
"2",2,0.0012453795,5,5,0.0015251635,5.5,7.75,0.00178641075,5,5
"3",3,0.00510711144444444,11.1111111111111,16.1111111111111,0.00689633688888889,16.4444444444444,25.3333333333333,0.00594091422222222,9.88888888888889,13.1111111111111
"4",4,0.0428131966875,27.4375,51.375,0.0387824029375,24.9375,33,0.063121274125,22,32.5625
